t,x,y,z,w
1575299766209,-0.04618,-0.01304,-0.15839,0.25022
1575299766295,-0.03460,-0.01707,-0.15219,0.25563
1575299766379,-0.02320,-0.02293,-0.14811,0.25884
1575299766480,-0.01853,-0.02546,-0.14767,0.25923
1575299766555,-0.01703,-0.02509,-0.14845,0.25893
1575299766654,-0.01693,-0.02601,-0.14836,0.25889
1575299766751,-0.01635,-0.02638,-0.14918,0.25842
1575299766829,-0.01302,-0.02501,-0.15024,0.25814
1575299766912,-0.01181,-0.02373,-0.15027,0.25830
1575299767009,-0.01288,-0.02183,-0.15092,0.25804
1575299767094,-0.01398,-0.02063,-0.15124,0.25789
1575299767181,-0.01533,-0.02083,-0.15167,0.25754
1575299767277,-0.01629,-0.01888,-0.15349,0.25655
1575299767365,-0.01478,-0.01530,-0.15564,0.25559
1575299767460,-0.01388,-0.01160,-0.15644,0.25534
1575299767545,-0.01519,-0.01046,-0.15637,0.25536
1575299767650,-0.01683,-0.01142,-0.15591,0.25550
1575299767717,-0.01606,-0.01291,-0.15571,0.25560
1575299767808,-0.01400,-0.01419,-0.15625,0.25532
1575299767892,-0.01358,-0.01449,-0.15674,0.25502
1575299767990,-0.01300,-0.01442,-0.15767,0.25449
1575299768073,-0.01248,-0.01401,-0.15864,0.25393
1575299768162,-0.01364,-0.01336,-0.15877,0.25382
1575299768286,-0.01486,-0.01238,-0.15918,0.25355
1575299768451,-0.01570,-0.01108,-0.16018,0.25293
1575299768726,-0.01748,-0.00899,-0.16052,0.25268
1575299768865,-0.01957,-0.00742,-0.16095,0.25230
1575299769003,-0.02053,-0.00643,-0.16074,0.25239
1575299769146,-0.02171,-0.00513,-0.16082,0.25227
1575299769170,-0.02294,-0.00384,-0.16114,0.25198
1575299769194,-0.02388,-0.00305,-0.16092,0.25204
1575299769218,-0.02438,-0.00255,-0.16068,0.25215
1575299769241,-0.02508,-0.00179,-0.16073,0.25206
1575299769263,-0.02526,-0.00140,-0.16076,0.25202
1575299769365,-0.02518,-0.00122,-0.16050,0.25220
1575299769443,-0.02509,-0.00114,-0.16027,0.25236
1575299769464,-0.02461,-0.00143,-0.16022,0.25243
1575299769498,-0.02309,-0.00256,-0.16031,0.25251
1575299769583,-0.01942,-0.00453,-0.15926,0.25345
1575299769671,-0.01506,-0.00642,-0.15568,0.25592
1575299769764,-0.01177,-0.00768,-0.15122,0.25872
1575299769852,-0.00985,-0.00919,-0.14934,0.25984
1575299769938,-0.00948,-0.01071,-0.15130,0.25866
1575299770038,-0.01011,-0.01097,-0.15492,0.25647
1575299770141,-0.01026,-0.01050,-0.15794,0.25464
1575299770202,-0.00859,-0.01041,-0.15955,0.25370
1575299770297,-0.00705,-0.01023,-0.16005,0.25344
1575299770386,-0.00666,-0.00982,-0.16058,0.25313
1575299770473,-0.00668,-0.00958,-0.16092,0.25292
1575299770568,-0.00611,-0.00981,-0.16096,0.25290
1575299770656,-0.00567,-0.00963,-0.16008,0.25347
1575299770750,-0.00492,-0.00842,-0.15574,0.25623
1575299770831,0.00519,-0.00480,-0.13145,0.26958
1575299770919,0.01983,-0.00145,-0.07955,0.28858
1575299771009,0.02651,-0.00627,-0.05087,0.29440
1575299771095,0.02472,-0.01584,-0.06714,0.29091
1575299771186,0.02240,-0.01896,-0.08377,0.28657
1575299771274,0.02258,-0.02061,-0.09528,0.28282
1575299771369,0.02247,-0.02203,-0.10518,0.27919
1575299771448,0.02179,-0.02276,-0.11357,0.27588
1575299771540,0.02134,-0.02246,-0.11977,0.27331
1575299771627,0.02118,-0.02150,-0.12479,0.27114
1575299771734,0.02087,-0.02067,-0.12898,0.26926
1575299771819,0.02030,-0.02053,-0.13210,0.26780
1575299771906,0.01975,-0.02079,-0.13467,0.26654
1575299771985,0.01950,-0.02065,-0.13667,0.26554
1575299772075,0.01942,-0.02050,-0.13862,0.26455
1575299772171,0.01925,-0.02043,-0.14188,0.26283
1575299772253,0.01739,-0.01998,-0.15323,0.25655
1575299772349,0.01369,-0.01905,-0.16869,0.24697
1575299772546,0.01077,-0.01738,-0.18022,0.23896
1575299772680,0.00761,-0.01516,-0.18945,0.23199
1575299772747,0.00473,-0.01361,-0.19653,0.22621
1575299772888,0.00247,-0.01301,-0.20233,0.22110
1575299773018,0.00131,-0.01291,-0.20548,0.21820
1575299773222,0.00046,-0.01329,-0.20584,0.21784
1575299773352,-0.00027,-0.01370,-0.20361,0.21990
1575299773416,-0.00034,-0.01318,-0.20147,0.22190
1575299773437,-0.00029,-0.01266,-0.19969,0.22352
1575299773457,0.00083,-0.01228,-0.19680,0.22609
1575299773477,0.00186,-0.01149,-0.19254,0.22977
1575299773500,0.00213,-0.01123,-0.18744,0.23396
1575299773520,0.00206,-0.01120,-0.18319,0.23730
1575299773584,0.00277,-0.01110,-0.18037,0.23945
1575299773672,0.00326,-0.01127,-0.17782,0.24133
1575299773764,0.00288,-0.01135,-0.17505,0.24336
1575299773850,0.00269,-0.01154,-0.17243,0.24521
1575299773939,0.00327,-0.01176,-0.17106,0.24615
1575299774036,0.00315,-0.01175,-0.16985,0.24699
1575299774121,0.00292,-0.01139,-0.16878,0.24774
1575299774209,0.00307,-0.01118,-0.16834,0.24805
1575299774297,0.00341,-0.01151,-0.16754,0.24857
1575299774383,0.00361,-0.01196,-0.16683,0.24902
1575299774472,0.00380,-0.01221,-0.16647,0.24924
1575299774560,0.00396,-0.01227,-0.16638,0.24930
1575299774654,0.00403,-0.01234,-0.16613,0.24946
1575299774741,0.00401,-0.01241,-0.16588,0.24963
1575299774845,0.00395,-0.01244,-0.16579,0.24968
1575299774927,0.00399,-0.01241,-0.16568,0.24976
1575299775008,0.00407,-0.01238,-0.16559,0.24982
1575299775104,0.00416,-0.01234,-0.16538,0.24996
1575299775181,0.00427,-0.01233,-0.16523,0.25006
1575299775272,0.00429,-0.01228,-0.16519,0.25009
1575299775381,0.00436,-0.01227,-0.16513,0.25012
1575299775459,0.00445,-0.01234,-0.16503,0.25019
1575299775539,0.00449,-0.01236,-0.16503,0.25019
1575299775627,0.00442,-0.01227,-0.16527,0.25003
1575299775717,0.00446,-0.01225,-0.16509,0.25015
1575299775820,0.00439,-0.01225,-0.16515,0.25011
1575299775896,0.00429,-0.01231,-0.16514,0.25012
1575299775981,0.00428,-0.01235,-0.16504,0.25018
1575299776070,0.00435,-0.01246,-0.16511,0.25013
1575299776162,0.00384,-0.01296,-0.16612,0.24944
1575299776253,0.00420,-0.01414,-0.17334,0.24441
1575299776336,0.00371,-0.01560,-0.19224,0.22975
1575299776434,0.00260,-0.01620,-0.21488,0.20870
1575299776610,0.00348,-0.01363,-0.23623,0.18438
1575299776684,0.00544,-0.00934,-0.24930,0.16654
1575299776822,0.00679,-0.00633,-0.25349,0.16018
1575299776965,0.00935,-0.00311,-0.25492,0.15786
1575299777100,0.01296,0.00035,-0.25323,0.16033
1575299777302,0.01619,0.00377,-0.24490,0.17247
1575299777438,0.01879,0.00671,-0.23614,0.18396
1575299777521,0.02051,0.00892,-0.22768,0.19407
1575299777581,0.02171,0.01063,-0.21933,0.20325
1575299777605,0.02238,0.01177,-0.21193,0.21082
1575299777623,0.02242,0.01239,-0.20530,0.21724
1575299777640,0.02218,0.01289,-0.19926,0.22280
1575299777667,0.02228,0.01348,-0.19387,0.22746
1575299777737,0.02229,0.01398,-0.18905,0.23145
1575299777796,0.02223,0.01462,-0.18480,0.23482
1575299777849,0.02231,0.01516,-0.18114,0.23762
1575299777937,0.02232,0.01570,-0.17812,0.23985
1575299778029,0.02207,0.01604,-0.17533,0.24190
1575299778122,0.02195,0.01630,-0.17267,0.24380
1575299778205,0.02205,0.01645,-0.17013,0.24556
1575299778294,0.02213,0.01650,-0.16837,0.24676
1575299778386,0.02210,0.01661,-0.16682,0.24781
1575299778473,0.02179,0.01693,-0.16451,0.24935
1575299778557,0.02129,0.01690,-0.15819,0.25345
1575299778647,0.02122,0.01581,-0.14653,0.26044
1575299778737,0.02102,0.01473,-0.13298,0.26769
1575299778834,0.01841,0.01497,-0.11622,0.27555
1575299778915,0.01700,0.01420,-0.09931,0.28222
1575299779022,0.01724,0.01278,-0.07857,0.28873
1575299779103,0.01938,0.01245,-0.05867,0.29330
1575299779188,0.02179,0.01341,-0.04440,0.29559
1575299779271,0.02148,0.01039,-0.04827,0.29513
1575299779356,0.01688,0.00537,-0.06329,0.29271
1575299779446,0.01306,0.00246,-0.08371,0.28778
1575299779536,0.01166,0.00260,-0.10161,0.28202
1575299779625,0.01072,0.00505,-0.11316,0.27759
1575299779717,0.01176,0.00621,-0.12213,0.27369
1575299779805,0.01295,0.00578,-0.12986,0.27006
1575299779892,0.01204,0.00515,-0.13524,0.26747
1575299779983,0.01125,0.00405,-0.13908,0.26555
1575299780070,0.01121,0.00334,-0.14356,0.26316
1575299780163,0.01148,0.00272,-0.14868,0.26030
1575299780254,0.01054,0.00209,-0.15254,0.25810
1575299780337,0.00852,0.00168,-0.15422,0.25718
1575299780434,0.00800,0.00199,-0.15513,0.25665
1575299780520,0.00855,0.00225,-0.15556,0.25637
1575299780604,0.00843,0.00285,-0.15634,0.25589
1575299780698,0.00907,0.00334,-0.15749,0.25515
1575299780876,0.00982,0.00353,-0.15882,0.25430
1575299781004,0.00968,0.00235,-0.15876,0.25436
1575299781073,0.01071,0.00082,-0.15926,0.25401
1575299781209,0.01005,0.00109,-0.15940,0.25395
1575299781274,0.00848,0.00141,-0.15963,0.25386
1575299781406,0.00792,0.00166,-0.16019,0.25352
1575299781541,0.00832,0.00200,-0.16042,0.25336
1575299781735,0.00759,0.00212,-0.16072,0.25319
1575299781757,0.00782,0.00171,-0.16066,0.25323
1575299781779,0.00856,0.00130,-0.16089,0.25306
1575299781800,0.00892,0.00107,-0.16119,0.25286
1575299781850,0.00870,0.00111,-0.16136,0.25275
1575299781946,0.00813,0.00133,-0.16137,0.25277
1575299782023,0.00796,0.00150,-0.16165,0.25260
1575299782119,0.00794,0.00158,-0.16160,0.25262
1575299782210,0.00760,0.00152,-0.16162,0.25262
1575299782291,0.00745,0.00152,-0.16174,0.25255
1575299782380,0.00752,0.00144,-0.16190,0.25245
1575299782471,0.00775,0.00101,-0.16167,0.25259
1575299782560,0.00852,0.00023,-0.16155,0.25264
1575299782655,0.01261,-0.00229,-0.16140,0.25256
1575299782739,0.02874,-0.01049,-0.16080,0.25141
1575299782825,0.04861,-0.02145,-0.16005,0.24811
1575299782942,0.06417,-0.03187,-0.16021,0.24331
1575299783005,0.07608,-0.04113,-0.16059,0.23819
1575299783090,0.09044,-0.05096,-0.15931,0.23204
1575299783186,0.10094,-0.05892,-0.15989,0.22533
1575299783273,0.10514,-0.06469,-0.16261,0.21981
1575299783363,0.10649,-0.06822,-0.16517,0.21616
1575299783461,0.10656,-0.07003,-0.16807,0.21329
1575299783537,0.10649,-0.07159,-0.17087,0.21057
1575299783626,0.10654,-0.07339,-0.17284,0.20830
1575299783714,0.10532,-0.07565,-0.17473,0.20653
1575299783802,0.10390,-0.07700,-0.17612,0.20557
1575299783900,0.10295,-0.07759,-0.17752,0.20461
1575299783988,0.10232,-0.07838,-0.17850,0.20378
1575299784098,0.10103,-0.07894,-0.17985,0.20302
1575299784157,0.10026,-0.07903,-0.18073,0.20259
1575299784255,0.10003,-0.07903,-0.18131,0.20218
1575299784338,0.09971,-0.07894,-0.18210,0.20166
1575299784434,0.09938,-0.07910,-0.18245,0.20145
1575299784514,0.09923,-0.07938,-0.18257,0.20129
1575299784602,0.09921,-0.07952,-0.18291,0.20094
1575299784761,0.09928,-0.07961,-0.18320,0.20061
1575299784899,0.09895,-0.07971,-0.18339,0.20056
1575299785041,0.09853,-0.07940,-0.18388,0.20044
1575299785176,0.09807,-0.07895,-0.18392,0.20081
1575299785193,0.09445,-0.07614,-0.18543,0.20223
1575299785224,0.08968,-0.07198,-0.18737,0.20413
1575299785406,0.08325,-0.06636,-0.18896,0.20727
1575299785536,0.07549,-0.05995,-0.19055,0.21070
1575299785605,0.06788,-0.05363,-0.19150,0.21411
1575299785739,0.05975,-0.04746,-0.19176,0.21773
1575299785836,0.05160,-0.04164,-0.19144,0.22125
1575299785860,0.04218,-0.03498,-0.19127,0.22453
1575299785942,0.03031,-0.02657,-0.19067,0.22808
1575299785990,0.02018,-0.01947,-0.18962,0.23078
1575299786021,0.01231,-0.01414,-0.18719,0.23368
1575299786109,0.00864,-0.01178,-0.18396,0.23653
1575299786209,0.00848,-0.01058,-0.18102,0.23885
1575299786300,0.00791,-0.00988,-0.17885,0.24053
1575299786379,0.00777,-0.00971,-0.17665,0.24216
1575299786467,0.00799,-0.00977,-0.17445,0.24374
1575299786559,0.00851,-0.01036,-0.17248,0.24509
1575299786646,0.00946,-0.01089,-0.17116,0.24596
1575299786741,0.00982,-0.01096,-0.17035,0.24651
1575299786826,0.00909,-0.01080,-0.16928,0.24728
1575299786910,0.00881,-0.01072,-0.16841,0.24788
1575299787001,0.00892,-0.01065,-0.16778,0.24831
1575299787131,0.00870,-0.01063,-0.16727,0.24866
1575299787191,0.00828,-0.01062,-0.16661,0.24912
1575299787280,0.00829,-0.01061,-0.16610,0.24946
1575299787356,0.00842,-0.01059,-0.16617,0.24941
1575299787456,0.00849,-0.01052,-0.16590,0.24959
1575299787540,0.00812,-0.01052,-0.16566,0.24976
1575299787623,0.00786,-0.01057,-0.16555,0.24984
1575299787711,0.00781,-0.01061,-0.16568,0.24975
1575299787806,0.00833,-0.01127,-0.16546,0.24985
1575299787890,0.01991,-0.01703,-0.16557,0.24880
1575299787977,0.04918,-0.03107,-0.16328,0.24486
1575299788073,0.07279,-0.04312,-0.16028,0.23907
1575299788163,0.08566,-0.05131,-0.15784,0.23477
1575299788245,0.09308,-0.05811,-0.15916,0.22941
1575299788336,0.09840,-0.06367,-0.16221,0.22350
1575299788423,0.10238,-0.06940,-0.16471,0.21811
1575299788503,0.10533,-0.07378,-0.16640,0.21395
1575299788602,0.10569,-0.07593,-0.16880,0.21112
1575299788696,0.10478,-0.07686,-0.17101,0.20945
1575299788845,0.10358,-0.07746,-0.17299,0.20819
1575299788993,0.10236,-0.07795,-0.17512,0.20683
1575299789147,0.10094,-0.07805,-0.17688,0.20600
1575299789285,0.09941,-0.07785,-0.17823,0.20565
1575299789686,0.09819,-0.07799,-0.17911,0.20542
1575299789754,0.09723,-0.07779,-0.18017,0.20503
1575299789847,0.09600,-0.07696,-0.18193,0.20436
1575299789869,0.09482,-0.07571,-0.18327,0.20419
1575299789944,0.09300,-0.07403,-0.18410,0.20488
1575299789947,0.09030,-0.07213,-0.18422,0.20665
1575299789949,0.08543,-0.06945,-0.18476,0.20915
1575299789974,0.07995,-0.06613,-0.18610,0.21119
1575299789989,0.07433,-0.06211,-0.18699,0.21366
1575299790005,0.06655,-0.05619,-0.18812,0.21685
1575299790024,0.05515,-0.04790,-0.19002,0.22036
1575299790109,0.04834,-0.04289,-0.19039,0.22266
1575299790221,0.04214,-0.03799,-0.18879,0.22615
1575299790307,0.03223,-0.03039,-0.18789,0.22965
1575299790392,0.01973,-0.02155,-0.18735,0.23248
1575299790469,0.00959,-0.01593,-0.18570,0.23488
1575299790561,0.00472,-0.01448,-0.18303,0.23721
1575299790647,0.00165,-0.01353,-0.17987,0.23971
1575299790738,-0.00014,-0.01284,-0.17721,0.24173
1575299790814,-0.00094,-0.01264,-0.17483,0.24346
1575299790921,-0.00205,-0.01184,-0.17265,0.24505
1575299791008,-0.00312,-0.01042,-0.17164,0.24581
1575299791097,-0.00324,-0.00990,-0.17078,0.24642
1575299791177,-0.00215,-0.01065,-0.16930,0.24743
1575299791273,-0.00141,-0.01164,-0.16783,0.24839
1575299791360,-0.00178,-0.01139,-0.16729,0.24876
1575299791459,-0.00181,-0.01099,-0.16734,0.24874
1575299791544,-0.00184,-0.01118,-0.16663,0.24921
1575299791619,-0.00207,-0.01160,-0.16556,0.24990
1575299791720,-0.00261,-0.01155,-0.16530,0.25007
1575299791801,-0.00338,-0.01126,-0.16521,0.25014
1575299791900,-0.00401,-0.01116,-0.16490,0.25034
1575299791979,-0.00443,-0.01112,-0.16445,0.25063
1575299792068,-0.00481,-0.01102,-0.16445,0.25062
1575299792158,-0.00485,-0.01095,-0.16446,0.25062
1575299792241,-0.00471,-0.01086,-0.16456,0.25056
1575299792344,-0.00455,-0.01084,-0.16442,0.25065
1575299792425,-0.00445,-0.01089,-0.16427,0.25075
1575299792533,-0.00450,-0.01091,-0.16436,0.25069
1575299792605,-0.00453,-0.01102,-0.16425,0.25076
1575299792681,-0.00462,-0.01108,-0.16432,0.25071
1575299792778,-0.00488,-0.01110,-0.16442,0.25064
1575299792867,-0.00520,-0.01093,-0.16447,0.25060
1575299793092,-0.00664,-0.00974,-0.16426,0.25076
1575299793224,-0.01406,-0.00473,-0.16273,0.25160
1575299793354,-0.03282,0.00576,-0.15866,0.25242
1575299793495,-0.05252,0.01734,-0.15465,0.25105
1575299793633,-0.06259,0.02357,-0.15345,0.24896
1575299793704,-0.06853,0.02873,-0.15342,0.24686
1575299793886,-0.07065,0.03164,-0.15435,0.24533
1575299793915,-0.07123,0.03329,-0.15509,0.24447
1575299793938,-0.07071,0.03391,-0.15573,0.24413
1575299793959,-0.06935,0.03336,-0.15615,0.24432
1575299793977,-0.06787,0.03265,-0.15635,0.24471
1575299794029,-0.06702,0.03207,-0.15635,0.24502
1575299794032,-0.06656,0.03162,-0.15614,0.24534
1575299794109,-0.06600,0.03134,-0.15599,0.24562
1575299794199,-0.06500,0.03084,-0.15632,0.24574
1575299794307,-0.06382,0.03017,-0.15666,0.24592
1575299794389,-0.06187,0.02910,-0.15683,0.24644
1575299794472,-0.05935,0.02782,-0.15741,0.24683
1575299794555,-0.05640,0.02643,-0.15785,0.24739
1575299794641,-0.05307,0.02480,-0.15850,0.24788
1575299794751,-0.04875,0.02232,-0.15902,0.24867
1575299794839,-0.04297,0.01884,-0.15919,0.24991
1575299794900,-0.03633,0.01488,-0.15985,0.25081
1575299795008,-0.03062,0.01117,-0.16049,0.25136
1575299795111,-0.02782,0.00941,-0.16128,0.25125
1575299795192,-0.02501,0.00770,-0.16249,0.25082
1575299795278,-0.01976,0.00471,-0.16388,0.25046
1575299795361,-0.01616,0.00328,-0.16449,0.25034
1575299795444,-0.01451,0.00268,-0.16462,0.25037
1575299795539,-0.00965,0.00036,-0.16469,0.25057
1575299795622,-0.00455,-0.00206,-0.16406,0.25112
1575299795712,-0.00351,-0.00304,-0.16329,0.25162
1575299795802,-0.00530,-0.00288,-0.16285,0.25188
1575299795886,-0.00647,-0.00231,-0.16296,0.25179
1575299795978,-0.00694,-0.00221,-0.16287,0.25184
1575299796077,-0.00751,-0.00222,-0.16260,0.25200
1575299796155,-0.00819,-0.00183,-0.16226,0.25220
1575299796242,-0.00896,-0.00154,-0.16225,0.25217
1575299796325,-0.00881,-0.00175,-0.16202,0.25233
1575299796421,-0.00835,-0.00210,-0.16224,0.25220
1575299796504,-0.00843,-0.00219,-0.16229,0.25216
1575299796595,-0.00894,-0.00200,-0.16206,0.25229
1575299796680,-0.00924,-0.00188,-0.16223,0.25218
1575299797134,-0.00933,-0.00184,-0.16235,0.25210
1575299797144,-0.00963,-0.00183,-0.16235,0.25209
1575299797383,-0.00978,-0.00184,-0.16233,0.25209
1575299797646,-0.00974,-0.00183,-0.16251,0.25198
1575299797710,-0.00964,-0.00184,-0.16237,0.25207
1575299797795,-0.00962,-0.00184,-0.16253,0.25197
1575299797983,-0.00962,-0.00178,-0.16255,0.25196
1575299798004,-0.00956,-0.00179,-0.16252,0.25198
1575299798036,-0.00971,-0.00183,-0.16218,0.25219
1575299798060,-0.00988,-0.00188,-0.16203,0.25228
1575299798080,-0.01003,-0.00202,-0.16193,0.25234
1575299798098,-0.01021,-0.00219,-0.16174,0.25245
1575299798116,-0.01030,-0.00243,-0.16174,0.25245
1575299798137,-0.01044,-0.00248,-0.16188,0.25235
1575299798160,-0.01055,-0.00246,-0.16186,0.25236
1575299798197,-0.01062,-0.00246,-0.16166,0.25248
1575299798301,-0.01094,-0.00277,-0.15983,0.25363
1575299798375,-0.01231,-0.00347,-0.15646,0.25565
1575299798477,-0.01489,-0.00426,-0.15302,0.25758
1575299798558,-0.01797,-0.00563,-0.14794,0.26030
1575299798649,-0.02046,-0.00955,-0.14098,0.26385
1575299798742,-0.02211,-0.01376,-0.13351,0.26739
1575299798824,-0.02235,-0.01715,-0.12487,0.27132
1575299798912,-0.02248,-0.01645,-0.11810,0.27437
1575299799012,-0.02204,-0.01288,-0.11394,0.27634
1575299799092,-0.02104,-0.00968,-0.11265,0.27708
1575299799185,-0.02029,-0.00887,-0.11314,0.27696
1575299799267,-0.01869,-0.01013,-0.11313,0.27704
1575299799365,-0.01702,-0.01148,-0.11320,0.27706
1575299799474,-0.01506,-0.01114,-0.11440,0.27670
1575299799531,-0.01262,-0.00817,-0.11631,0.27613
1575299799622,-0.01101,-0.00592,-0.11824,0.27543
1575299799728,-0.00985,-0.00610,-0.11856,0.27534
1575299799796,-0.00722,-0.00785,-0.11566,0.27660
1575299799896,-0.00433,-0.00824,-0.11217,0.27809
1575299799976,-0.00084,-0.00766,-0.10875,0.27949
1575299800067,0.00100,-0.00728,-0.10619,0.28048
1575299800166,0.00214,-0.00830,-0.10490,0.28093
1575299800248,0.00272,-0.01024,-0.10505,0.28080
1575299800332,0.00263,-0.01378,-0.10384,0.28111
1575299800426,0.00288,-0.01791,-0.10158,0.28169
1575299800512,0.00413,-0.02059,-0.10031,0.28195
1575299800606,0.00339,-0.02267,-0.10009,0.28188
1575299800692,0.00188,-0.02506,-0.09984,0.28178
1575299800798,0.00182,-0.02838,-0.09947,0.28160
1575299800860,0.00311,-0.03230,-0.09931,0.28122
1575299800934,0.00446,-0.03411,-0.09931,0.28099
1575299801025,0.00672,-0.03312,-0.09940,0.28103
1575299801201,0.01029,-0.03026,-0.09838,0.28160
1575299801266,0.01354,-0.02632,-0.09769,0.28210
1575299801486,0.01427,-0.02350,-0.10161,0.28093
1575299801616,0.01230,-0.02111,-0.10963,0.27818
1575299801751,0.01022,-0.01982,-0.11605,0.27574
1575299801896,0.00938,-0.02001,-0.12384,0.27235
1575299802023,0.00896,-0.02093,-0.12573,0.27143
1575299802050,0.00793,-0.02126,-0.12726,0.27072
1575299802067,0.00808,-0.02102,-0.12830,0.27025
1575299802096,0.00854,-0.02076,-0.12815,0.27032
1575299802179,0.01220,-0.01909,-0.11810,0.27484
1575299802267,0.01895,-0.01520,-0.08982,0.28520
1575299802349,0.02178,-0.01540,-0.07194,0.29002
1575299802448,0.02086,-0.01724,-0.07093,0.29024
1575299802536,0.01956,-0.01867,-0.07728,0.28861
1575299802633,0.01935,-0.01959,-0.08323,0.28691
1575299802716,0.01865,-0.02026,-0.09024,0.28478
1575299802810,0.01830,-0.02074,-0.09568,0.28299
1575299802898,0.01807,-0.02119,-0.09980,0.28154
1575299802980,0.01770,-0.02160,-0.10332,0.28026
1575299803067,0.01742,-0.02168,-0.10671,0.27900
1575299803160,0.01727,-0.02159,-0.10904,0.27811
1575299803252,0.01693,-0.02162,-0.11096,0.27737
1575299803334,0.01677,-0.02152,-0.11260,0.27672
1575299803428,0.01664,-0.02131,-0.11379,0.27626
1575299803512,0.01630,-0.02103,-0.11514,0.27574
1575299803601,0.01617,-0.02074,-0.11624,0.27531
1575299803697,0.01618,-0.02063,-0.11688,0.27505
1575299803783,0.01602,-0.02062,-0.11782,0.27466
1575299803868,0.01568,-0.02051,-0.12057,0.27349
1575299803988,0.01504,-0.02118,-0.12981,0.26921
1575299804049,0.01003,-0.02539,-0.15383,0.25611
1575299804127,-0.00010,-0.02872,-0.18584,0.23375
1575299804223,-0.00662,-0.02940,-0.21420,0.20787
1575299804311,-0.00797,-0.03043,-0.22932,0.19084
1575299804405,-0.00704,-0.03058,-0.22862,0.19170
1575299804501,-0.00482,-0.02907,-0.21951,0.20235
1575299804585,-0.00295,-0.02765,-0.20697,0.21539
1575299804671,-0.00150,-0.02748,-0.19553,0.22586
1575299804770,0.00014,-0.02774,-0.18603,0.23372
1575299804847,0.00168,-0.02765,-0.17804,0.23986
1575299804933,0.00243,-0.02772,-0.17159,0.24451
1575299805021,0.00293,-0.02808,-0.16614,0.24819
1575299805119,0.00367,-0.02834,-0.16165,0.25110
1575299805304,0.00445,-0.02835,-0.15849,0.25310
1575299805516,0.00495,-0.02830,-0.15592,0.25468
1575299805700,0.00585,-0.02843,-0.15228,0.25684
1575299805836,0.00609,-0.02849,-0.15091,0.25764
1575299805914,0.00315,-0.02688,-0.14775,0.25969
1575299806151,0.00197,-0.02523,-0.14688,0.26036
1575299806168,-0.00168,-0.02366,-0.14527,0.26141
1575299806184,-0.00397,-0.02501,-0.14163,0.26325
1575299806201,-0.00723,-0.02838,-0.13595,0.26582
1575299806218,-0.01193,-0.02538,-0.13375,0.26707
1575299806282,-0.01535,-0.02095,-0.13498,0.26666
1575299806356,-0.01724,-0.01836,-0.13607,0.26618
1575299806449,-0.01719,-0.01796,-0.13672,0.26588
1575299806534,-0.01750,-0.01825,-0.13678,0.26581
1575299806626,-0.01704,-0.01604,-0.13670,0.26602
1575299806712,-0.01734,-0.01419,-0.13669,0.26611
1575299806796,-0.01723,-0.01282,-0.13699,0.26603
1575299806886,-0.01724,-0.01282,-0.13732,0.26586
1575299806990,-0.01647,-0.01324,-0.13763,0.26573
1575299807100,-0.01375,-0.01348,-0.13889,0.26521
1575299807172,-0.01232,-0.01613,-0.13964,0.26474
1575299807274,-0.00904,-0.01530,-0.13994,0.26477
1575299807337,-0.00768,-0.01380,-0.14091,0.26438
1575299807422,-0.00762,-0.01430,-0.14076,0.26443
1575299807519,-0.00800,-0.01461,-0.14070,0.26444
1575299807598,-0.00763,-0.01604,-0.13903,0.26525
1575299807688,-0.00819,-0.01670,-0.13098,0.26926
1575299807780,-0.00681,-0.01117,-0.10078,0.28226
1575299807870,-0.00237,-0.00160,-0.05321,0.29523
1575299807968,0.00353,0.00558,-0.00630,0.29986
1575299808052,0.00899,0.00736,0.01226,0.29952
1575299808148,0.00855,0.00987,0.02182,0.29892
1575299808233,0.01102,0.01031,0.02341,0.29870
1575299808312,0.01206,0.01166,0.00802,0.29942
1575299808404,0.01119,0.01011,-0.01209,0.29938
1575299808492,0.01053,0.00785,-0.02935,0.29827
1575299808579,0.01053,0.00502,-0.04606,0.29621
1575299808664,0.00945,0.00389,-0.05931,0.29390
1575299808764,0.00929,0.00296,-0.06813,0.29200
1575299808854,0.00914,0.00193,-0.07559,0.29017
1575299808964,0.00676,0.00127,-0.08262,0.28832
1575299809030,0.00585,-0.00015,-0.09112,0.28577
1575299809117,0.00690,0.00063,-0.09939,0.28297
1575299809208,0.00723,0.00252,-0.10319,0.28159
1575299809386,0.00388,0.00393,-0.10974,0.27916
1575299809457,-0.00184,0.00289,-0.12122,0.27440
1575299809590,-0.00688,0.00163,-0.13701,0.26679
1575299809737,-0.01065,0.00189,-0.15546,0.25635
1575299809871,-0.01519,0.00263,-0.17397,0.24392
1575299810072,-0.01827,0.00072,-0.18872,0.23249
1575299810216,-0.01968,-0.00057,-0.19622,0.22607
1575299810256,-0.02029,-0.00020,-0.19758,0.22483
1575299810271,-0.01988,-0.00018,-0.19503,0.22708
1575299810299,-0.01904,-0.00026,-0.18977,0.23157
1575299810316,-0.01950,-0.00060,-0.18317,0.23679
1575299810332,-0.02062,0.00509,-0.17989,0.23914
1575299810353,-0.01972,0.01369,-0.18232,0.23703
1575299810450,-0.02048,0.02247,-0.18653,0.23298
1575299810534,-0.02236,0.02567,-0.18609,0.23283
1575299810623,-0.02503,0.02644,-0.18080,0.23661
1575299810714,-0.02619,0.02836,-0.17203,0.24273
1575299810805,-0.02253,0.03309,-0.16128,0.24977
1575299810895,-0.01712,0.03714,-0.15372,0.25436
1575299811001,-0.01452,0.03914,-0.15142,0.25560
1575299811069,-0.01573,0.03910,-0.15125,0.25563
1575299811155,-0.01532,0.03704,-0.15011,0.25663
1575299811252,-0.01455,0.03514,-0.14810,0.25811
1575299811337,-0.01419,0.03417,-0.14630,0.25928
1575299811419,-0.01397,0.03393,-0.14474,0.26020
1575299811518,-0.01430,0.03291,-0.14284,0.26136
1575299811605,-0.01436,0.03171,-0.14130,0.26234
1575299811687,-0.01488,0.03125,-0.14024,0.26294
1575299811787,-0.01496,0.03110,-0.13978,0.26319
1575299811867,-0.01460,0.03053,-0.14017,0.26307
1575299811954,-0.01627,0.02572,-0.14913,0.25852
1575299812047,-0.02108,0.02017,-0.16443,0.24922
1575299812134,-0.02619,0.01772,-0.17453,0.24195
1575299812227,-0.02922,0.01851,-0.17727,0.23954
1575299812330,-0.03097,0.01995,-0.17661,0.23969
1575299812399,-0.03216,0.02180,-0.17565,0.24008
1575299812487,-0.03263,0.02453,-0.17573,0.23969
1575299812579,-0.03264,0.02671,-0.17729,0.23830
1575299812669,-0.03273,0.02766,-0.17937,0.23663
1575299812756,-0.03429,0.02898,-0.18092,0.23506
1575299812846,-0.03572,0.02957,-0.18306,0.23310
1575299812934,-0.03414,0.02723,-0.18574,0.23150
1575299813027,-0.03319,0.02399,-0.18806,0.23013
1575299813108,-0.03405,0.02106,-0.19233,0.22673
1575299813201,-0.03687,0.01719,-0.19257,0.22641
1575299813307,-0.03890,0.01168,-0.19165,0.22720
1575299813471,-0.03802,0.00270,-0.20241,0.21812
1575299813670,-0.03737,-0.00898,-0.22393,0.19591
1575299813815,-0.04173,-0.01496,-0.24248,0.17099
1575299813955,-0.04616,-0.01946,-0.24704,0.16267
1575299814085,-0.05029,-0.02541,-0.24627,0.16179
1575299814299,-0.05268,-0.03188,-0.24064,0.16823
1575299814377,-0.05591,-0.03793,-0.23022,0.18010
1575299814394,-0.05813,-0.04211,-0.21979,0.19115
1575299814415,-0.05807,-0.04227,-0.20780,0.20411
1575299814436,-0.06008,-0.03257,-0.18168,0.22874
1575299814455,-0.05887,-0.01766,-0.14593,0.25481
1575299814473,-0.05504,-0.00804,-0.12027,0.26915
1575299814489,-0.05249,-0.00328,-0.11447,0.27227
1575299814533,-0.05305,0.00239,-0.12020,0.26969
1575299814640,-0.04845,0.00731,-0.12912,0.26632
1575299814721,-0.04469,0.00949,-0.14054,0.26108
1575299814835,-0.04343,0.00930,-0.14916,0.25648
1575299814896,-0.04259,0.00765,-0.15605,0.25254
1575299814988,-0.04170,0.00527,-0.16335,0.24809
1575299815074,-0.03957,0.00180,-0.16937,0.24443
1575299815173,-0.03636,-0.00261,-0.17217,0.24296
1575299815289,-0.03265,-0.00805,-0.17325,0.24260
1575299815332,-0.02916,-0.01203,-0.17269,0.24328
1575299815441,-0.02599,-0.01434,-0.17068,0.24493
1575299815538,-0.02430,-0.01582,-0.16876,0.24633
1575299815843,-0.02347,-0.01607,-0.16828,0.24673
1575299815885,-0.02259,-0.01597,-0.16830,0.24680
1575299815954,-0.02131,-0.01530,-0.16738,0.24758
1575299815977,-0.02030,-0.01331,-0.16256,0.25097
1575299815994,-0.02118,-0.00850,-0.15485,0.25593
1575299816049,-0.02193,-0.00575,-0.14985,0.25890
1575299816135,-0.02283,-0.00525,-0.14766,0.26009
1575299816218,-0.02347,-0.00516,-0.14842,0.25960
1575299816308,-0.02451,-0.00298,-0.15192,0.25751
1575299816399,-0.02579,-0.00164,-0.15184,0.25744
1575299816492,-0.02652,-0.00106,-0.15202,0.25727
1575299816575,-0.02819,-0.00017,-0.15175,0.25725
1575299816672,-0.03078,0.00106,-0.15208,0.25676
1575299816757,-0.03079,0.00178,-0.15290,0.25626
1575299816851,-0.03519,0.00093,-0.15409,0.25498
1575299816940,-0.03775,-0.00066,-0.15510,0.25401
1575299817020,-0.03814,-0.00220,-0.15636,0.25317
1575299817108,-0.03774,-0.00340,-0.15800,0.25219
1575299817198,-0.03758,-0.00331,-0.15863,0.25182
1575299817306,-0.03705,-0.00282,-0.15878,0.25181
1575299817398,-0.03601,-0.00261,-0.15943,0.25155
1575299817583,-0.03446,-0.00224,-0.16060,0.25103
1575299817790,-0.03271,-0.00151,-0.16147,0.25071
1575299817820,-0.03166,-0.00065,-0.16202,0.25049
1575299817944,-0.03181,0.00042,-0.16206,0.25045
1575299818089,-0.03201,0.00082,-0.16177,0.25061
1575299818222,-0.03144,0.00058,-0.16196,0.25056
1575299818429,-0.03061,0.00129,-0.16258,0.25026
1575299818474,-0.03033,0.00136,-0.16298,0.25003
1575299818522,-0.03133,0.00229,-0.16354,0.24954
1575299818551,-0.03199,0.00297,-0.16363,0.24938
1575299818628,-0.03250,0.00322,-0.16384,0.24918
1575299818723,-0.03307,0.00333,-0.16415,0.24890
1575299818802,-0.03406,0.00425,-0.16389,0.24892
1575299818889,-0.03448,0.00468,-0.16423,0.24864
1575299818975,-0.03442,0.00476,-0.16435,0.24856
1575299819064,-0.03376,0.00445,-0.16418,0.24877
1575299819158,-0.03295,0.00418,-0.16443,0.24871
1575299819244,-0.03208,0.00421,-0.16450,0.24879
1575299819332,-0.03135,0.00397,-0.16459,0.24882
1575299819423,-0.03038,0.00304,-0.16480,0.24881
1575299819513,-0.03000,0.00220,-0.16550,0.24840
1575299819612,-0.03062,0.00232,-0.16539,0.24840
1575299819687,-0.03019,0.00179,-0.16577,0.24820
1575299819779,-0.02350,-0.00525,-0.16887,0.24679
1575299819867,-0.00316,-0.02826,-0.17815,0.23969
1575299819949,0.02219,-0.05683,-0.18686,0.22663
1575299820075,0.03824,-0.07455,-0.19161,0.21510
1575299820133,0.04663,-0.08340,-0.19610,0.20595
1575299820219,0.04841,-0.08790,-0.20234,0.19746
1575299820311,0.04723,-0.08973,-0.20367,0.19555
1575299820397,0.04787,-0.09033,-0.20086,0.19801
1575299820490,0.04815,-0.09013,-0.19852,0.20037
1575299820592,0.04823,-0.08950,-0.19609,0.20301
1575299820673,0.04860,-0.08992,-0.19323,0.20546
1575299820772,0.04922,-0.09084,-0.19058,0.20738
1575299820840,0.04926,-0.09030,-0.18940,0.20868
1575299820943,0.04951,-0.08945,-0.18861,0.20970
1575299821022,0.04991,-0.08900,-0.18765,0.21065
1575299821113,0.04875,-0.08738,-0.18621,0.21287
1575299821207,0.03668,-0.07803,-0.18449,0.22029
1575299821293,0.01952,-0.06283,-0.18056,0.23037
1575299821378,0.00677,-0.05100,-0.17420,0.23876
1575299821478,-0.00196,-0.04204,-0.16867,0.24450
1575299821682,-0.00796,-0.03495,-0.16581,0.24743
1575299821737,-0.01179,-0.02949,-0.16585,0.24796
1575299821945,-0.01346,-0.02398,-0.16709,0.24764
1575299822088,-0.01435,-0.01915,-0.16943,0.24641
1575299822294,-0.01551,-0.01595,-0.17035,0.24594
1575299822420,-0.01664,-0.01486,-0.17089,0.24556
1575299822574,-0.01773,-0.01429,-0.17097,0.24546
1575299822595,-0.01781,-0.01461,-0.17130,0.24521
1575299822612,-0.01796,-0.01448,-0.17159,0.24500
1575299822629,-0.01808,-0.01388,-0.17158,0.24503
1575299822647,-0.01862,-0.01349,-0.17162,0.24498
1575299822667,-0.01965,-0.01277,-0.17244,0.24437
1575299822706,-0.02607,-0.00976,-0.18002,0.23836
1575299822805,-0.03933,-0.00288,-0.19809,0.22182
1575299822901,-0.05008,0.00447,-0.21325,0.20493
1575299822981,-0.05602,0.01023,-0.21924,0.19670
1575299823071,-0.05912,0.01328,-0.21809,0.19689
1575299823154,-0.05984,0.01419,-0.21367,0.20141
1575299823244,-0.06025,0.01466,-0.20911,0.20598
1575299823329,-0.06091,0.01468,-0.20416,0.21070
1575299823429,-0.06096,0.01309,-0.19991,0.21483
1575299823513,-0.05995,0.01108,-0.19652,0.21832
1575299823611,-0.05810,0.00901,-0.19324,0.22181
1575299823708,-0.05682,0.00694,-0.18980,0.22517
1575299823821,-0.05651,0.00554,-0.18623,0.22824
1575299823906,-0.05585,0.00440,-0.18298,0.23104
1575299823956,-0.05546,0.00386,-0.18079,0.23286
1575299824057,-0.05506,0.00390,-0.17800,0.23509
1575299824141,-0.05400,0.00344,-0.17464,0.23785
1575299824260,-0.05290,0.00302,-0.16994,0.24148
1575299824317,-0.05158,0.00332,-0.16173,0.24733
1575299824396,-0.04895,0.00531,-0.14568,0.25759
1575299824486,-0.04704,0.00917,-0.11469,0.27304
1575299824583,-0.04503,0.01086,-0.08543,0.28382
1575299824666,-0.04340,0.00941,-0.06714,0.28900
1575299824740,-0.04558,0.00743,-0.05567,0.29115
1575299824846,-0.05204,0.00374,-0.03382,0.29349
1575299824929,-0.05791,0.00094,-0.02509,0.29329
1575299825015,-0.06109,-0.00238,-0.02157,0.29291
1575299825105,-0.06641,-0.00302,-0.02551,0.29143
1575299825199,-0.06902,-0.00197,-0.03099,0.29030
1575299825293,-0.06912,0.00280,-0.04744,0.28804
1575299825377,-0.06719,0.00743,-0.06589,0.28476
1575299825475,-0.05684,0.00733,-0.09168,0.27984
1575299825559,-0.04338,0.00213,-0.12084,0.27113
1575299825712,-0.03466,0.00244,-0.13678,0.26473
1575299825841,-0.02861,0.00402,-0.14494,0.26107
1575299825985,-0.02602,0.00471,-0.15038,0.25824
1575299826108,-0.02505,0.00345,-0.15385,0.25631
1575299826179,-0.02312,0.00043,-0.15392,0.25646
1575299826377,-0.02299,0.00102,-0.15101,0.25820
1575299826450,-0.02429,0.00465,-0.14734,0.26015
1575299826597,-0.02617,0.00888,-0.14525,0.26104
1575299826659,-0.02861,0.01349,-0.14522,0.26060
1575299826681,-0.02605,0.01600,-0.14697,0.25974
1575299826698,-0.02231,0.01670,-0.14907,0.25885
1575299826716,-0.01883,0.01486,-0.15139,0.25789
1575299826793,-0.01555,0.01228,-0.15487,0.25617
1575299826802,-0.01415,0.00998,-0.15812,0.25436
1575299826882,-0.01691,0.00978,-0.16153,0.25204
1575299826972,-0.02457,0.01382,-0.16558,0.24858
1575299827108,-0.03175,0.01644,-0.16795,0.24599
1575299827159,-0.03071,0.01346,-0.16875,0.24576
1575299827263,-0.02825,0.00980,-0.17009,0.24531
1575299827330,-0.02925,0.00598,-0.17002,0.24536
1575299827423,-0.03126,0.00519,-0.17059,0.24474
1575299827523,-0.03526,0.00786,-0.16956,0.24484
1575299827595,-0.03832,0.01125,-0.16845,0.24501
1575299827688,-0.04095,0.01620,-0.16907,0.24388
1575299827790,-0.04294,0.02002,-0.16927,0.24312
1575299827865,-0.04289,0.02153,-0.16868,0.24340
1575299827945,-0.04188,0.02215,-0.16838,0.24373
1575299828041,-0.04175,0.02217,-0.16765,0.24425
1575299828132,-0.04291,0.02014,-0.16482,0.24615
1575299828221,-0.04483,0.01576,-0.16214,0.24790
1575299828316,-0.04681,0.00941,-0.16703,0.24459
1575299828394,-0.05075,0.00591,-0.17317,0.23959
1575299828482,-0.05560,0.00392,-0.17685,0.23584
1575299828576,-0.06136,0.00262,-0.17665,0.23457
1575299828666,-0.06753,0.00245,-0.17581,0.23350
1575299828754,-0.07167,0.00287,-0.17460,0.23317
1575299828839,-0.07290,0.00397,-0.17259,0.23427
1575299828936,-0.07223,0.00470,-0.17087,0.23573
1575299829026,-0.07141,0.00438,-0.16942,0.23702
1575299829101,-0.07098,0.00288,-0.16781,0.23832
1575299829189,-0.07066,0.00057,-0.16599,0.23970
1575299829276,-0.06989,-0.00126,-0.16458,0.24089
1575299829365,-0.06974,-0.00051,-0.16459,0.24093
1575299829454,-0.06953,0.00472,-0.17019,0.23702
1575299829542,-0.06828,0.01188,-0.17748,0.23173
1575299829638,-0.06542,0.01642,-0.18235,0.22847
1575299829723,-0.06384,0.01582,-0.18377,0.22783